City_ID,City,Lat,Lng,Max Temp,Humidity,Cloudiness,Wind Speed,Country,Date,Current Description
0,Bolitoc,15.7395,119.8769,77.83,81,58,3.67,PH,2022-09-23 20:29:55,broken clouds
1,Port Hardy,50.6996,-127.4199,57.38,94,100,3.44,CA,2022-09-23 20:29:56,mist
2,Vaini,-21.2,-175.2,77.16,83,75,9.22,TO,2022-09-23 20:29:56,broken clouds
3,Mataura,-46.1927,168.8643,49.48,95,100,0.96,NZ,2022-09-23 20:29:56,overcast clouds
4,Punta Arenas,-53.15,-70.9167,51.91,50,75,14.97,CL,2022-09-23 20:29:57,broken clouds
5,Tuktoyaktuk,69.4541,-133.0374,37.4,81,100,9.22,CA,2022-09-23 20:29:57,overcast clouds
6,Valdepenas,38.7621,-3.3848,70.84,26,21,4.36,ES,2022-09-23 20:29:58,few clouds
7,Rikitea,-23.1203,-134.9692,70.95,74,20,12.93,PF,2022-09-23 20:29:58,few clouds
8,Grindavik,63.8424,-22.4338,48.67,87,75,9.22,IS,2022-09-23 20:29:58,broken clouds
9,Port Elizabeth,-33.918,25.5701,61.09,76,100,8.05,ZA,2022-09-23 20:29:59,overcast clouds
10,Aljezur,37.3191,-8.8033,66.92,84,39,10.89,PT,2022-09-23 20:29:59,scattered clouds
11,Hilo,19.7297,-155.09,86.29,80,100,7.0,US,2022-09-23 20:28:02,overcast clouds
12,Kaspiysk,42.8816,47.6392,71.78,64,48,15.99,RU,2022-09-23 20:29:59,scattered clouds
13,Adrar,20.5022,-10.0711,95.85,30,27,11.3,MR,2022-09-23 20:30:00,scattered clouds
14,Georgetown,5.4112,100.3354,77.95,93,20,0.0,MY,2022-09-23 20:28:10,few clouds
15,Fukue,32.6881,128.8419,71.08,66,73,18.14,JP,2022-09-23 20:30:00,broken clouds
16,Albany,42.6001,-73.9662,57.58,51,0,5.01,US,2022-09-23 20:25:06,clear sky
17,Broome,42.2506,-75.833,52.86,63,75,17.27,US,2022-09-23 20:29:36,broken clouds
18,Kahului,20.8947,-156.47,87.82,60,20,8.01,US,2022-09-23 20:30:01,few clouds
19,Presidencia Roque Saenz Pena,-26.7852,-60.4388,75.24,20,0,8.05,AR,2022-09-23 20:30:03,clear sky
20,Carnarvon,-24.8667,113.6333,63.86,71,0,17.98,AU,2022-09-23 20:30:03,clear sky
21,Puerto Ayora,-0.7393,-90.3518,75.16,90,98,7.0,EC,2022-09-23 20:30:06,overcast clouds
22,Bagrami,34.4938,69.2743,67.8,43,0,2.73,AF,2022-09-23 20:30:08,clear sky
23,Korla,41.7597,86.1469,70.88,15,10,7.05,CN,2022-09-23 20:30:12,clear sky
24,Tukrah,32.5341,20.5791,74.46,76,40,24.92,LY,2022-09-23 20:30:13,scattered clouds
25,Olafsvik,64.8945,-23.7142,49.08,89,76,14.23,IS,2022-09-23 20:28:14,broken clouds
26,Vila Velha,-20.3297,-40.2925,75.15,78,75,17.0,BR,2022-09-23 20:30:14,broken clouds
27,Codrington,-38.2667,141.9667,47.57,64,68,12.68,AU,2022-09-23 20:30:18,broken clouds
28,Yellowknife,62.456,-114.3525,57.72,44,20,12.66,CA,2022-09-23 20:28:11,few clouds
29,Khandyga,62.6667,135.6,25.81,76,81,5.61,RU,2022-09-23 20:30:19,broken clouds
30,Paulo Afonso,-9.4061,-38.2147,87.3,39,40,4.92,BR,2022-09-23 20:30:19,scattered clouds
31,Kapaa,22.0752,-159.319,84.18,72,40,8.05,US,2022-09-23 20:29:33,scattered clouds
32,Butaritari,3.0707,172.7902,81.36,70,99,13.13,KI,2022-09-23 20:30:20,overcast clouds
33,Jamestown,42.097,-79.2353,55.02,47,0,9.22,US,2022-09-23 20:30:21,clear sky
34,Zachary,30.6485,-91.1565,95.7,51,0,5.75,US,2022-09-23 20:30:22,clear sky
35,Guaratinga,-16.5667,-39.5667,80.58,66,14,10.85,BR,2022-09-23 20:30:23,few clouds
36,Lompoc,34.6391,-120.4579,92.79,45,20,6.91,US,2022-09-23 20:28:25,few clouds
37,Kavaratti,10.5669,72.642,81.03,76,39,12.68,IN,2022-09-23 20:30:24,scattered clouds
38,La Ronge,55.1001,-105.2842,66.42,48,75,9.22,CA,2022-09-23 20:30:14,broken clouds
39,Mar Del Plata,-38.0023,-57.5575,61.09,76,0,11.5,AR,2022-09-23 20:30:25,clear sky
40,Kamennogorsk,60.9545,29.1339,41.13,95,33,3.56,RU,2022-09-23 20:30:25,scattered clouds
41,Myitkyina,25.3833,97.4,72.57,100,100,1.21,MM,2022-09-23 20:30:26,overcast clouds
42,Bathsheba,13.2167,-59.5167,86.61,74,20,17.27,BB,2022-09-23 20:29:27,few clouds
43,Bluff,-46.6,168.3333,49.8,82,80,9.24,NZ,2022-09-23 20:30:26,broken clouds
44,Lady Frere,-31.7031,27.2329,54.72,77,86,5.64,ZA,2022-09-23 20:31:27,overcast clouds
45,Qaqortoq,60.7167,-46.0333,48.11,98,100,9.33,GL,2022-09-23 20:31:28,light rain
46,Osterholz-Scharmbeck,53.2333,8.8,55.81,92,100,4.09,DE,2022-09-23 20:31:28,moderate rain
47,Honningsvag,70.9821,25.9704,49.75,71,40,14.97,NO,2022-09-23 20:31:28,light rain
48,Hithadhoo,-0.6,73.0833,81.75,73,100,4.63,MV,2022-09-23 20:31:29,overcast clouds
49,Narsaq,60.9167,-46.05,47.07,97,100,7.49,GL,2022-09-23 20:31:29,light rain
50,Busselton,-33.65,115.3333,51.64,88,100,12.39,AU,2022-09-23 20:28:13,overcast clouds
51,Voyvozh,62.892,54.9635,36.52,97,71,4.92,RU,2022-09-23 20:31:30,broken clouds
52,Huicungo,-7.2833,-76.8,94.42,34,63,2.19,PE,2022-09-23 20:31:30,moderate rain
53,Pisco,-13.7,-76.2167,64.45,63,20,11.5,PE,2022-09-23 20:30:24,few clouds
54,Kodiak,57.79,-152.4072,53.11,54,100,11.5,US,2022-09-23 20:29:01,overcast clouds
55,Cabo San Lucas,22.8909,-109.9124,92.5,70,20,8.05,MX,2022-09-23 20:31:31,few clouds
56,Pevek,69.7008,170.3133,33.57,85,40,15.79,RU,2022-09-23 20:31:31,scattered clouds
57,Palanga,55.9175,21.0686,44.62,93,0,1.14,LT,2022-09-23 20:31:32,clear sky
58,Laya,17.4726,121.4678,70.75,82,12,2.68,PH,2022-09-23 20:29:19,few clouds
59,Cape Town,-33.9258,18.4232,56.91,60,0,10.36,ZA,2022-09-23 20:27:11,clear sky
60,Gat,31.61,34.7642,78.4,100,0,6.06,IL,2022-09-23 20:31:32,clear sky
61,Praia Da Vitoria,38.7333,-27.0667,74.75,88,75,21.16,PT,2022-09-23 20:31:33,broken clouds
62,Ushuaia,-54.8,-68.3,51.46,43,40,14.97,AR,2022-09-23 20:28:13,scattered clouds
63,Port Alfred,-33.5906,26.891,60.19,87,100,1.01,ZA,2022-09-23 20:29:29,overcast clouds
64,Barrow,71.2906,-156.7887,33.82,86,100,11.5,US,2022-09-23 20:31:33,overcast clouds
65,Abu Samrah,35.3029,37.1841,69.08,66,0,6.04,SY,2022-09-23 20:31:34,clear sky
66,Mahebourg,-20.4081,57.7,72.25,94,75,12.66,MU,2022-09-23 20:31:35,broken clouds
67,Takoradi,4.8845,-1.7554,75.22,94,46,7.02,GH,2022-09-23 20:31:35,scattered clouds
68,Ribeira Grande,38.5167,-28.7,73.8,83,75,29.93,PT,2022-09-23 20:31:36,broken clouds
69,Srednekolymsk,67.45,153.6833,33.8,99,100,6.15,RU,2022-09-23 20:31:36,overcast clouds
70,Manzanillo,20.3433,-77.1167,85.95,64,80,7.2,CU,2022-09-23 20:31:37,broken clouds
71,Pacific Grove,36.6177,-121.9166,87.48,72,0,7.0,US,2022-09-23 20:31:12,clear sky
72,Zeya,53.75,127.2667,39.45,93,36,2.64,RU,2022-09-23 20:31:37,scattered clouds
73,Mecca,21.4267,39.8261,88.18,32,35,4.59,SA,2022-09-23 20:27:45,scattered clouds
74,Port Lincoln,-34.7333,135.8667,49.87,70,3,9.82,AU,2022-09-23 20:30:15,clear sky
75,Zhezkazgan,47.8043,67.7144,67.48,34,0,8.5,KZ,2022-09-23 20:31:38,clear sky
76,Faanui,-16.4833,-151.75,77.74,75,22,19.91,PF,2022-09-23 20:31:38,light rain
77,Saldanha,-33.0117,17.9442,50.05,69,100,14.58,ZA,2022-09-23 20:31:38,overcast clouds
78,Watsa,3.0372,29.5355,63.19,98,94,1.16,CD,2022-09-23 20:31:39,light rain
79,Milove,49.3787,40.1302,46.22,91,35,13.58,UA,2022-09-23 20:31:39,scattered clouds
80,Zheshart,62.0731,49.5733,38.98,90,35,5.93,RU,2022-09-23 20:31:40,scattered clouds
81,Rio Grande,-32.035,-52.0986,64.51,65,2,12.33,BR,2022-09-23 20:30:11,clear sky
82,Nicoya,10.1483,-85.452,80.6,83,85,5.23,CR,2022-09-23 20:31:40,overcast clouds
83,Hobart,-42.8794,147.3294,49.86,86,100,21.85,AU,2022-09-23 20:28:58,light rain
84,Resistencia,-27.4606,-58.9839,75.25,24,0,3.44,AR,2022-09-23 20:31:41,clear sky
85,Medenychi,49.4305,23.7507,44.06,92,94,5.59,UA,2022-09-23 20:31:41,overcast clouds
86,Ilo,-17.6394,-71.3375,59.86,77,100,6.91,PE,2022-09-23 20:31:43,overcast clouds
87,Namibe,-15.1961,12.1522,63.68,78,3,8.68,AO,2022-09-23 20:31:43,clear sky
88,Khatanga,71.9667,102.5,21.42,90,84,8.46,RU,2022-09-23 20:29:38,broken clouds
89,Victoria,22.2855,114.1577,82.45,80,38,11.99,HK,2022-09-23 20:26:45,scattered clouds
90,Crotone,39.0851,17.1178,66.15,46,0,7.7,IT,2022-09-23 20:31:44,clear sky
91,Sai Buri,6.7013,101.6168,76.05,84,99,4.05,TH,2022-09-23 20:32:44,overcast clouds
92,Goderich,43.7501,-81.7165,57.9,51,4,9.22,CA,2022-09-23 20:32:45,clear sky
93,Syke,52.9,8.8333,57.02,88,0,2.3,DE,2022-09-23 20:32:45,clear sky
94,Floresta,-8.6011,-38.5686,92.12,29,9,11.65,BR,2022-09-23 20:32:45,clear sky
95,Pomabamba,-8.8333,-77.4667,63.97,38,68,7.61,PE,2022-09-23 20:32:46,broken clouds
96,Kinshasa,-4.3246,15.3215,78.46,70,68,4.05,CD,2022-09-23 20:32:01,light rain
97,Atuona,-9.8,-139.0333,76.17,80,18,13.42,PF,2022-09-23 20:32:46,light rain
98,Tupelo,34.2576,-88.7034,83.46,24,0,6.13,US,2022-09-23 20:32:47,clear sky
99,Krivosheino,57.3431,83.9261,38.23,85,72,6.02,RU,2022-09-23 20:32:47,broken clouds
100,Kanke,23.4333,85.3167,71.22,96,97,5.99,IN,2022-09-23 20:32:08,overcast clouds
101,Oktyabrskiy,54.4815,53.471,67.19,23,96,4.23,RU,2022-09-23 20:32:47,overcast clouds
102,Saint-Augustin,51.226,-58.6502,57.2,90,100,4.03,CA,2022-09-23 20:32:48,overcast clouds
103,Qaanaaq,77.484,-69.3632,16.88,80,32,6.44,GL,2022-09-23 20:32:48,scattered clouds
104,Arraial Do Cabo,-22.9661,-42.0278,69.66,64,100,17.27,BR,2022-09-23 20:32:49,overcast clouds
105,Yatou,37.15,122.3833,55.04,62,3,6.55,CN,2022-09-23 20:32:49,clear sky
106,Richards Bay,-28.783,32.0377,68.38,77,100,10.54,ZA,2022-09-23 20:32:49,overcast clouds
107,Burnie,-41.0667,145.9167,46.94,80,100,14.41,AU,2022-09-23 20:32:50,light rain
108,Tiksi,71.6872,128.8694,25.99,87,98,1.1,RU,2022-09-23 20:32:50,overcast clouds
109,Chokurdakh,70.6333,147.9167,31.3,91,93,5.28,RU,2022-09-23 20:32:51,overcast clouds
110,Lattes,43.5675,3.9046,70.05,88,100,6.91,FR,2022-09-23 20:32:51,light rain
111,Yar,58.249,52.1026,53.38,71,97,8.16,RU,2022-09-23 20:32:52,overcast clouds
112,Petropavl,54.8753,69.1628,60.6,58,94,5.79,KZ,2022-09-23 20:32:52,overcast clouds
113,Scarborough,54.2797,-0.4044,50.92,88,23,3.85,GB,2022-09-23 20:30:48,few clouds
114,Cidreira,-30.1811,-50.2056,58.93,61,6,17.52,BR,2022-09-23 20:28:18,clear sky
115,Fortuna,40.5982,-124.1573,69.93,76,1,1.99,US,2022-09-23 20:29:34,clear sky
116,Liverpool,53.4106,-2.9779,57.09,81,20,5.75,GB,2022-09-23 20:30:01,few clouds
117,Ongandjera,-17.8833,15.0667,72.46,16,0,13.91,NA,2022-09-23 20:32:53,clear sky
118,Basco,20.4487,121.9702,80.55,73,97,23.06,PH,2022-09-23 20:32:53,overcast clouds
119,San Fernando,15.0286,120.6898,78.53,95,69,2.33,PH,2022-09-23 20:32:53,broken clouds
120,Constitucion,-35.3333,-72.4167,58.08,75,89,13.29,CL,2022-09-23 20:30:57,moderate rain
121,Birao,10.2849,22.7882,72.37,93,75,5.37,CF,2022-09-23 20:32:54,broken clouds
122,Moshupa,-24.7782,25.4155,70.02,19,0,4.32,BW,2022-09-23 20:32:54,clear sky
123,Bud,39.447,-86.1758,66.15,55,100,3.6,US,2022-09-23 20:32:55,overcast clouds
124,Hermanus,-34.4187,19.2345,53.8,63,100,10.51,ZA,2022-09-23 20:32:55,overcast clouds
125,Paamiut,61.994,-49.6678,48.81,91,100,34.76,GL,2022-09-23 20:32:56,moderate rain
126,San-Pedro,4.7485,-6.6363,74.8,94,94,4.56,CI,2022-09-23 20:32:56,overcast clouds
127,Shanhetun,44.7,127.2,49.64,96,100,13.94,CN,2022-09-23 20:32:57,overcast clouds
128,Kitimat,54.0524,-128.6534,53.98,45,96,1.01,CA,2022-09-23 20:32:57,overcast clouds
129,Provideniya,64.3833,-173.3,42.76,75,100,15.48,RU,2022-09-23 20:32:58,overcast clouds
130,Turayf,31.6725,38.6637,73.65,46,0,0.0,SA,2022-09-23 20:32:58,clear sky
131,Saint George,37.1041,-113.5841,89.8,23,0,3.0,US,2022-09-23 20:32:59,clear sky
132,Tessalit,20.1986,1.0114,93.6,14,49,3.22,ML,2022-09-23 20:32:59,scattered clouds
133,Bengkulu,-3.8004,102.2655,74.61,91,96,4.65,ID,2022-09-23 20:32:59,overcast clouds
134,Hasaki,35.7333,140.8333,79.21,87,98,16.33,JP,2022-09-23 20:29:33,overcast clouds
135,Hobyo,5.3505,48.5268,75.78,86,2,18.68,SO,2022-09-23 20:34:00,clear sky
136,San Luis Obispo,35.3666,-120.5343,87.26,25,0,5.75,US,2022-09-23 20:34:00,clear sky
137,Luanda,-8.8368,13.2343,73.4,83,20,9.22,AO,2022-09-23 20:34:01,few clouds
138,Saskylakh,71.9167,114.0833,18.68,92,93,3.71,RU,2022-09-23 20:34:01,overcast clouds
139,Kayes,14.0,-11.0,73.62,95,100,4.7,ML,2022-09-23 20:34:02,moderate rain
140,Maniitsoq,65.4167,-52.9,42.1,98,100,20.89,GL,2022-09-23 20:34:03,moderate rain
141,Castro,-24.7911,-50.0119,52.92,71,0,2.98,BR,2022-09-23 20:34:03,clear sky
142,Torbay,47.6666,-52.7314,62.76,91,100,19.57,CA,2022-09-23 20:29:04,overcast clouds
143,Zhigansk,66.7697,123.3711,27.81,78,50,6.6,RU,2022-09-23 20:34:04,scattered clouds
144,Prince Rupert,54.3161,-130.3201,53.29,90,100,31.07,CA,2022-09-23 20:30:14,light rain
145,Berezovyy,51.6667,135.7,48.16,97,100,3.18,RU,2022-09-23 20:34:05,overcast clouds
146,Jieshi,22.8134,115.8257,77.4,82,29,15.14,CN,2022-09-23 20:34:06,scattered clouds
147,Bambous Virieux,-20.3428,57.7575,72.21,94,75,12.66,MU,2022-09-23 20:34:06,light rain
148,Leshukonskoye,64.8989,45.7622,42.26,89,100,3.47,RU,2022-09-23 20:34:06,overcast clouds
149,Dingle,10.9995,122.6711,73.72,92,99,2.13,PH,2022-09-23 20:34:07,overcast clouds
150,Maarianhamina,60.0973,19.9348,53.46,94,0,5.75,AX,2022-09-23 20:34:07,clear sky
151,Laguna,38.421,-121.4238,89.08,37,0,4.61,US,2022-09-23 20:34:08,clear sky
152,Rorvik,64.8621,11.2373,51.91,93,75,2.3,NO,2022-09-23 20:34:08,broken clouds
153,Bredasdorp,-34.5322,20.0403,51.21,67,100,5.12,ZA,2022-09-23 20:34:09,overcast clouds
154,Wiarton,44.7407,-81.1332,61.03,54,20,6.91,CA,2022-09-23 20:34:09,few clouds
155,Mount Isa,-20.7333,139.5,65.97,39,0,8.05,AU,2022-09-23 20:30:45,clear sky
156,Palmer,42.1584,-72.3287,59.07,49,40,20.71,US,2022-09-23 20:34:10,scattered clouds
157,Oranjestad,12.524,-70.027,84.15,70,20,11.5,AW,2022-09-23 20:34:11,few clouds
158,Trincomalee,8.5711,81.2335,79.74,76,100,19.1,LK,2022-09-23 20:34:11,overcast clouds
159,Kaniama,-7.5667,24.1833,73.45,59,72,2.26,CD,2022-09-23 20:34:12,broken clouds
160,Dunedin,-45.8742,170.5036,46.8,88,96,4.0,NZ,2022-09-23 20:34:12,overcast clouds
161,Balkhash,46.844,74.9804,65.23,45,0,15.08,KZ,2022-09-23 20:34:12,clear sky
162,Kruisfontein,-34.0033,24.7314,55.89,63,100,4.94,ZA,2022-09-23 20:34:13,overcast clouds
163,Smithers,54.7804,-127.1743,52.12,58,100,17.27,CA,2022-09-23 20:34:15,light rain
164,Karratha,-20.7377,116.8463,74.77,42,0,11.79,AU,2022-09-23 20:34:15,moderate rain
165,Yendi,9.4427,-0.0099,71.96,92,100,8.12,GH,2022-09-23 20:34:16,light rain
166,Pavlovka,52.6897,47.1405,62.47,52,100,5.61,RU,2022-09-23 20:34:16,light rain
167,Guangyuan,32.442,105.823,60.73,96,100,1.59,CN,2022-09-23 20:34:17,overcast clouds
168,Vila Franca Do Campo,37.7167,-25.4333,76.19,91,95,10.74,PT,2022-09-23 20:32:46,light rain
169,Anadyr,64.75,177.4833,37.9,86,20,15.66,RU,2022-09-23 20:34:18,few clouds
170,Mosquera,4.7059,-74.2302,64.49,63,75,10.36,CO,2022-09-23 20:34:18,thunderstorm
171,Thompson,55.7435,-97.8558,68.16,40,20,12.66,CA,2022-09-23 20:34:19,few clouds
172,Sirpur,19.4833,79.6,73.83,89,17,2.06,IN,2022-09-23 20:34:19,few clouds
173,Paracuru,-3.41,-39.0306,80.11,84,0,13.18,BR,2022-09-23 20:34:20,clear sky
174,Svetlyy,54.675,20.1347,52.97,83,100,4.7,RU,2022-09-23 20:34:20,overcast clouds
175,Macusani,-14.0833,-70.4333,41.95,78,93,8.61,PE,2022-09-23 20:34:21,overcast clouds
176,Sassandra,4.95,-6.0833,74.28,95,98,4.41,CI,2022-09-23 20:34:21,overcast clouds
177,Isangel,-19.55,169.2667,78.3,78,16,5.97,VU,2022-09-23 20:34:22,few clouds
178,Komsomolskiy,40.4272,71.7189,68.72,42,0,9.22,UZ,2022-09-23 20:34:23,clear sky
179,Yerbogachen,61.2767,108.0108,32.95,99,100,7.16,RU,2022-09-23 20:34:24,snow
180,Sambava,-14.2667,50.1667,70.74,95,100,10.92,MG,2022-09-23 20:34:25,moderate rain
181,Cherskiy,68.75,161.3,34.9,76,21,7.16,RU,2022-09-23 20:34:25,few clouds
182,Santiago,-33.4569,-70.6483,69.55,41,75,10.36,CL,2022-09-23 20:31:31,broken clouds
183,Belaya Gora,68.5333,146.4167,32.43,92,100,3.22,RU,2022-09-23 20:35:26,overcast clouds
184,Kurumkan,54.3,110.3,40.28,87,45,5.97,RU,2022-09-23 20:35:26,scattered clouds
185,Careiro Da Varzea,-3.2003,-59.8119,92.03,41,59,2.39,BR,2022-09-23 20:35:27,broken clouds
186,Bubaque,11.2833,-15.8333,81.48,78,70,17.27,GW,2022-09-23 20:34:05,broken clouds
187,Antofagasta,-23.65,-70.4,60.08,73,4,5.08,CL,2022-09-23 20:33:23,clear sky
188,Vostok,46.4856,135.8833,51.78,98,79,4.47,RU,2022-09-23 20:35:27,broken clouds
189,Tasiilaq,65.6145,-37.6368,40.03,73,100,4.18,GL,2022-09-23 20:35:28,overcast clouds
190,Toktogul,41.8708,72.9402,66.47,37,0,1.61,KG,2022-09-23 20:35:28,clear sky
191,Kosikha,53.3617,84.5822,45.36,52,87,3.94,RU,2022-09-23 20:35:28,overcast clouds
192,Ponta Do Sol,32.6667,-17.1,74.03,82,16,3.56,PT,2022-09-23 20:35:29,few clouds
193,Chuy,-33.6971,-53.4616,53.56,62,2,9.08,UY,2022-09-23 20:35:29,clear sky
194,College,64.8569,-147.8028,44.29,81,75,3.44,US,2022-09-23 20:35:30,broken clouds
195,Dno,57.8277,29.9637,41.65,95,67,4.09,RU,2022-09-23 20:35:17,broken clouds
196,Darhan,49.4867,105.9228,48.29,79,100,16.42,MN,2022-09-23 20:35:31,light rain
197,Gosen,37.7333,139.1667,70.81,98,100,3.53,JP,2022-09-23 20:35:31,moderate rain
198,Brae,60.3964,-1.353,49.95,85,36,3.89,GB,2022-09-23 20:35:31,scattered clouds
199,Alice Springs,-23.7,133.8833,56.21,42,0,0.0,AU,2022-09-23 20:35:32,clear sky
200,Luderitz,-26.6481,15.1594,56.12,80,99,12.28,NA,2022-09-23 20:30:44,overcast clouds
201,Costa Rica,-23.4167,-54.65,60.48,58,57,6.06,BR,2022-09-23 20:35:32,broken clouds
202,Ostrovnoy,68.0531,39.5131,43.18,78,100,10.31,RU,2022-09-23 20:35:33,overcast clouds
203,Beringovskiy,63.05,179.3167,42.78,86,100,23.89,RU,2022-09-23 20:32:07,light rain
204,Husavik,66.0449,-17.3389,46.78,71,49,10.11,IS,2022-09-23 20:35:33,scattered clouds
205,Bethel,41.3712,-73.414,62.73,44,0,16.11,US,2022-09-23 20:35:34,clear sky
206,Walvis Bay,-22.9575,14.5053,56.35,82,0,2.3,NA,2022-09-23 20:35:35,clear sky
207,Oriximina,-1.7656,-55.8661,93.54,31,1,3.83,BR,2022-09-23 20:35:35,clear sky
208,Poum,-20.2333,164.0167,74.93,77,13,8.57,NC,2022-09-23 20:35:36,few clouds
209,Nadym,65.5333,72.5167,35.65,98,100,7.94,RU,2022-09-23 20:35:36,light rain
210,Karasjok,69.4719,25.5112,43.61,88,100,6.78,NO,2022-09-23 20:35:36,overcast clouds
211,Talcahuano,-36.7167,-73.1167,60.48,72,20,12.66,CL,2022-09-23 20:35:15,few clouds
212,Nuremberg,49.4478,11.0683,55.04,82,0,5.75,DE,2022-09-23 20:35:37,clear sky
213,Oranjemund,-28.55,16.4333,55.08,82,68,12.41,NA,2022-09-23 20:35:38,broken clouds
214,Lagoa,39.05,-27.9833,72.19,87,100,23.55,PT,2022-09-23 20:35:38,moderate rain
215,Upernavik,72.7868,-56.1549,29.41,68,64,17.05,GL,2022-09-23 20:35:39,broken clouds
216,Raga,8.4596,25.678,70.21,95,100,1.66,SS,2022-09-23 20:35:39,light rain
217,Chihuahua,28.5,-106.0,79.63,27,0,5.77,MX,2022-09-23 20:34:22,clear sky
218,Jinchang,38.4953,102.1739,55.71,37,99,3.58,CN,2022-09-23 20:31:30,overcast clouds
219,Pakxe,15.1167,105.7833,73.78,99,100,2.17,LA,2022-09-23 20:35:40,overcast clouds
220,Champerico,14.3,-91.9167,82.94,77,97,16.71,GT,2022-09-23 20:35:40,overcast clouds
221,Avarua,-21.2078,-159.775,78.85,53,40,12.66,CK,2022-09-23 20:35:41,scattered clouds
222,Longyearbyen,78.2186,15.6401,46.24,76,75,9.22,SJ,2022-09-23 20:35:41,broken clouds
223,Auburn,47.3073,-122.2284,70.41,60,75,6.91,US,2022-09-23 20:30:59,broken clouds
224,Iskilip,40.7353,34.4739,53.47,74,99,6.4,TR,2022-09-23 20:35:41,overcast clouds
225,Guerrero Negro,27.9769,-114.0611,81.84,52,6,13.78,MX,2022-09-23 20:36:42,clear sky
226,Lazaro Cardenas,17.9583,-102.2,83.82,74,12,7.02,MX,2022-09-23 20:36:42,few clouds
227,Margate,51.3813,1.3862,60.31,80,100,5.99,GB,2022-09-23 20:36:43,overcast clouds
228,San Cristobal,7.7669,-72.225,77.18,87,73,4.0,VE,2022-09-23 20:36:43,broken clouds
229,Aksarka,66.5606,67.7975,35.55,97,100,6.98,RU,2022-09-23 20:36:43,overcast clouds
230,Pacifica,37.6138,-122.4869,89.4,72,0,5.01,US,2022-09-23 20:33:30,clear sky
231,Yulara,-25.2406,130.9889,61.38,33,0,8.57,AU,2022-09-23 20:36:44,clear sky
232,Tambovka,50.0969,128.0489,43.7,98,67,7.9,RU,2022-09-23 20:36:44,broken clouds
233,Nikolskoye,59.7035,30.7861,44.78,96,45,3.53,RU,2022-09-23 20:36:45,scattered clouds
234,Erzin,36.9559,36.2,68.72,72,28,1.9,TR,2022-09-23 20:36:45,scattered clouds
235,Batagay,67.6333,134.6333,28.71,95,97,3.31,RU,2022-09-23 20:36:45,overcast clouds
236,Brownsville,25.9018,-97.4975,92.08,49,20,12.66,US,2022-09-23 20:36:00,few clouds
237,Bor,56.3567,44.0669,53.53,91,100,9.4,RU,2022-09-23 20:36:46,overcast clouds
238,Kiama,-34.6833,150.8667,60.39,93,80,3.0,AU,2022-09-23 20:36:47,light rain
239,Buraydah,26.326,43.975,86.45,18,0,11.07,SA,2022-09-23 20:36:47,clear sky
240,Te Anau,-45.4167,167.7167,48.85,82,52,0.34,NZ,2022-09-23 20:36:47,broken clouds
241,Davila,18.4726,120.5763,79.9,81,23,19.15,PH,2022-09-23 20:36:48,few clouds
242,Clyde River,70.4692,-68.5914,30.43,69,100,14.97,CA,2022-09-23 20:36:48,overcast clouds
243,Amahai,-3.3333,128.9167,76.1,86,50,3.42,ID,2022-09-23 20:36:49,scattered clouds
244,Analipsis,35.3167,25.5667,64.11,62,100,5.21,GR,2022-09-23 20:36:49,overcast clouds
245,Ilulissat,69.2167,-51.1,34.3,100,100,1.03,GL,2022-09-23 20:36:50,snow
246,New Norfolk,-42.7826,147.0587,44.71,82,100,3.0,AU,2022-09-23 20:36:50,light rain
247,Rio Gallegos,-51.6226,-69.2181,59.05,33,75,16.11,AR,2022-09-23 20:36:51,broken clouds
248,Nacala,-14.5428,40.6728,71.4,86,2,0.94,MZ,2022-09-23 20:36:51,clear sky
249,Comodoro Rivadavia,-45.8667,-67.5,58.86,29,0,12.66,AR,2022-09-23 20:36:51,clear sky
250,Lenger,42.183,69.8839,63.84,21,0,5.61,KZ,2022-09-23 20:36:52,clear sky
251,Heinola,61.2056,26.0381,46.0,89,15,3.71,FI,2022-09-23 20:36:52,few clouds
252,Kidal,18.4411,1.4078,95.67,24,95,11.81,ML,2022-09-23 20:36:52,overcast clouds
253,Fort Nelson,58.8053,-122.7002,60.39,29,40,3.44,CA,2022-09-23 20:36:53,scattered clouds
254,Saint-Philippe,-21.3585,55.7679,69.39,81,41,14.56,RE,2022-09-23 20:36:53,light rain
255,Sao Jose Da Coroa Grande,-8.8978,-35.1478,76.93,83,2,11.34,BR,2022-09-23 20:36:54,clear sky
256,Bandarbeyla,9.4942,50.8122,77.63,83,82,21.16,SO,2022-09-23 20:36:55,broken clouds
257,Sivas,39.7916,37.0019,48.83,93,75,9.22,TR,2022-09-23 20:36:56,broken clouds
258,Lakes Entrance,-37.8811,147.981,50.16,91,100,9.48,AU,2022-09-23 20:36:56,overcast clouds
259,Volosovo,59.4333,29.4833,41.05,95,10,4.5,RU,2022-09-23 20:36:57,clear sky
260,Fairbanks,64.8378,-147.7164,44.31,82,0,3.44,US,2022-09-23 20:32:47,clear sky
261,Maceio,-9.6658,-35.7353,80.04,78,0,12.66,BR,2022-09-23 20:34:58,clear sky
262,Touros,-5.1989,-35.4608,77.67,79,9,13.76,BR,2022-09-23 20:33:21,clear sky
263,Norman Wells,65.282,-126.8329,42.84,65,100,28.77,CA,2022-09-23 20:36:58,overcast clouds
264,Dmitriyevskaya,45.6564,40.7653,53.67,78,4,4.92,RU,2022-09-23 20:36:58,clear sky
265,Gazanjyk,39.2446,55.5154,82.33,13,0,10.65,TM,2022-09-23 20:36:59,clear sky
266,Linden,6.0,-58.3,85.71,64,99,5.41,GY,2022-09-23 20:36:59,overcast clouds
267,Kaitangata,-46.2817,169.8464,49.5,81,100,4.05,NZ,2022-09-23 20:37:00,overcast clouds
268,Ballina,-28.8667,153.5667,62.78,99,20,6.55,AU,2022-09-23 20:32:55,few clouds
269,Faya,18.3851,42.4509,71.71,34,97,5.1,SA,2022-09-23 20:37:01,overcast clouds
270,Vondrozo,-22.8167,47.2833,57.52,96,19,0.6,MG,2022-09-23 20:37:01,few clouds
271,Bahia Blanca,-38.7196,-62.2724,62.78,52,100,3.49,AR,2022-09-23 20:38:02,overcast clouds
272,Ugoofaaru,5.6667,73.0,82.35,72,9,9.75,MV,2022-09-23 20:38:02,clear sky
273,Tocopilla,-22.092,-70.1979,62.74,63,21,7.58,CL,2022-09-23 20:38:03,few clouds
274,Teodoro Sampaio,-22.5325,-52.1675,63.73,53,20,5.66,BR,2022-09-23 20:38:03,few clouds
275,Geraldton,-28.7667,114.6,50.41,93,100,6.91,AU,2022-09-23 20:38:04,overcast clouds
276,Gornozavodsk,58.3758,58.3211,49.23,95,100,4.32,RU,2022-09-23 20:38:04,overcast clouds
277,Lebu,-37.6167,-73.65,50.65,77,14,16.28,CL,2022-09-23 20:34:28,few clouds
278,Mehamn,71.0357,27.8492,49.91,81,0,10.36,NO,2022-09-23 20:38:05,clear sky
279,Campbell River,50.0163,-125.2446,60.6,82,100,10.36,CA,2022-09-23 20:38:06,overcast clouds
280,Kieta,-6.2167,155.6333,80.37,81,28,3.44,PG,2022-09-23 20:38:06,scattered clouds
281,Warri,5.5167,5.75,76.77,92,100,2.33,NG,2022-09-23 20:38:07,overcast clouds
282,Vanavara,60.34,102.2797,34.2,77,100,7.67,RU,2022-09-23 20:38:07,overcast clouds
283,Yar-Sale,66.8333,70.8333,35.4,98,100,9.13,RU,2022-09-23 20:38:08,overcast clouds
284,Nemuro,43.3236,145.575,66.67,95,100,24.56,JP,2022-09-23 20:38:08,light rain
285,Avera,33.194,-82.5271,79.56,21,0,6.78,US,2022-09-23 20:35:23,clear sky
286,Kortkeros,61.8106,51.5806,39.2,92,64,7.14,RU,2022-09-23 20:38:10,broken clouds
287,Udachnyy,66.4167,112.4,18.52,95,46,9.95,RU,2022-09-23 20:38:10,scattered clouds
288,Trat,12.5,102.5,79.88,96,100,2.13,TH,2022-09-23 20:35:19,overcast clouds
289,Sfantu Gheorghe,45.8667,25.7833,44.92,93,89,3.67,RO,2022-09-23 20:38:11,overcast clouds
290,Salalah,17.0151,54.0924,78.89,89,20,5.75,OM,2022-09-23 20:38:12,few clouds
291,Souillac,-20.5167,57.5167,68.38,94,75,12.66,MU,2022-09-23 20:38:12,light rain
292,Ergani,38.2653,39.7621,65.14,47,0,3.94,TR,2022-09-23 20:38:13,clear sky
293,Peto,20.1333,-88.9167,96.66,33,58,3.8,MX,2022-09-23 20:38:14,broken clouds
294,Lamar,33.6668,-95.5836,97.99,41,0,10.36,US,2022-09-23 20:38:15,clear sky
295,Mareeba,-17.0,145.4333,67.44,92,43,1.68,AU,2022-09-23 20:38:15,scattered clouds
296,Marsh Harbour,26.5412,-77.0636,84.11,65,0,8.72,BS,2022-09-23 20:38:16,clear sky
297,Waycross,31.2136,-82.354,82.65,48,0,8.05,US,2022-09-23 20:38:17,clear sky
298,Esperance,-33.8667,121.9,56.53,77,61,12.01,AU,2022-09-23 20:38:17,broken clouds
299,Volno-Nadezhdinskoye,43.3833,131.9917,53.08,76,40,13.42,RU,2022-09-23 20:38:18,scattered clouds
300,Umm Lajj,25.0213,37.2685,85.75,51,0,5.03,SA,2022-09-23 20:38:18,clear sky
301,Iquique,-20.2208,-70.1431,60.84,71,35,2.93,CL,2022-09-23 20:38:19,scattered clouds
302,Buala,-8.145,159.5921,82.62,77,95,8.01,SB,2022-09-23 20:38:20,overcast clouds
303,Camana,-16.6228,-72.7111,62.78,72,68,6.15,PE,2022-09-23 20:33:57,broken clouds
304,Santa Maria,-29.6842,-53.8069,63.7,36,40,5.75,BR,2022-09-23 20:38:21,scattered clouds
305,Tanout,14.9709,8.8879,92.16,17,100,9.55,NE,2022-09-23 20:38:22,overcast clouds
306,Aguimes,27.9054,-15.4461,72.66,73,20,23.02,ES,2022-09-23 20:34:12,few clouds
307,Along,28.1667,94.7667,72.28,99,100,1.66,IN,2022-09-23 20:38:23,moderate rain
308,Portland,45.5234,-122.6762,75.58,50,20,6.91,US,2022-09-23 20:34:15,few clouds
309,Yeppoon,-23.1333,150.7333,58.78,71,0,4.41,AU,2022-09-23 20:38:24,clear sky
310,Sitka,57.0531,-135.33,55.29,82,100,13.8,US,2022-09-23 20:38:24,moderate rain
311,Tonj,7.2737,28.6822,72.46,84,95,4.21,SS,2022-09-23 20:38:25,overcast clouds
312,Boguchany,58.3814,97.4531,37.71,98,100,6.44,RU,2022-09-23 20:38:26,light rain
313,Saint Anthony,45.0205,-93.218,56.64,81,100,14.97,US,2022-09-23 20:38:27,overcast clouds
314,Conceicao Do Araguaia,-8.2578,-49.2647,93.78,28,63,7.16,BR,2022-09-23 20:39:27,broken clouds
315,Ayan,56.45,138.1667,46.81,89,100,14.09,RU,2022-09-23 20:39:28,light rain
316,Plettenberg Bay,-34.0527,23.3716,57.56,66,100,6.98,ZA,2022-09-23 20:39:29,overcast clouds
317,Southbridge,42.0751,-72.0334,59.4,60,5,1.99,US,2022-09-23 20:35:36,clear sky
318,Bonavista,48.6499,-53.1147,61.34,87,100,19.84,CA,2022-09-23 20:39:29,overcast clouds
319,Ihiala,5.8538,6.8603,73.94,95,91,3.47,NG,2022-09-23 20:39:30,overcast clouds
320,Bonga,7.2833,36.2333,59.52,99,99,1.61,ET,2022-09-23 20:39:30,overcast clouds
321,Ylivieska,64.0833,24.55,45.32,81,48,6.76,FI,2022-09-23 20:39:31,scattered clouds
322,Sembe,1.6481,14.5806,69.94,99,100,1.79,CG,2022-09-23 20:39:32,overcast clouds
323,Gigmoto,13.7796,124.39,78.4,88,100,10.02,PH,2022-09-23 20:39:32,overcast clouds
324,Caravelas,-17.7125,-39.2481,76.53,84,15,14.05,BR,2022-09-23 20:39:33,few clouds
325,Port Blair,11.6667,92.75,77.04,94,75,0.0,IN,2022-09-23 20:39:33,mist
326,Lorengau,-2.0226,147.2712,80.71,80,92,6.13,PG,2022-09-23 20:39:34,overcast clouds
327,Bontang,0.1333,117.5,75.69,91,92,4.32,ID,2022-09-23 20:39:34,moderate rain
328,Waipawa,-41.4122,175.5153,51.21,98,100,9.08,NZ,2022-09-23 20:39:34,light rain
329,Talnakh,69.4865,88.3972,29.21,86,47,5.01,RU,2022-09-23 20:39:35,scattered clouds
330,East London,-33.0153,27.9116,63.0,80,100,10.94,ZA,2022-09-23 20:35:46,light rain
331,Gornopravdinsk,60.05,69.9,44.6,75,100,5.1,RU,2022-09-23 20:39:35,overcast clouds
332,Bayan,46.0833,127.4,52.36,96,100,12.41,CN,2022-09-23 20:39:36,overcast clouds
333,Shitanjing,39.2342,106.3439,52.63,38,88,4.85,CN,2022-09-23 20:39:36,overcast clouds
334,Baruun-Urt,46.6806,113.2792,45.18,32,61,8.66,MN,2022-09-23 20:39:37,broken clouds
335,Ixtapa,20.7,-105.2,89.22,79,75,10.36,MX,2022-09-23 20:39:37,broken clouds
336,Ribeirao Das Neves,-19.7669,-44.0867,83.79,37,0,11.5,BR,2022-09-23 20:39:38,clear sky
337,Barra Patuca,15.8,-84.2833,85.06,70,36,7.18,HN,2022-09-23 20:39:38,scattered clouds
338,Bull Savanna,17.8868,-77.5902,83.03,64,35,2.17,JM,2022-09-23 20:39:39,scattered clouds
339,Kyren,51.6828,102.1408,46.8,95,100,1.83,RU,2022-09-23 20:39:39,overcast clouds
340,Beloha,-25.1667,45.05,66.06,85,0,5.48,MG,2022-09-23 20:39:40,clear sky
341,Gamboula,4.1178,15.1393,65.79,99,90,3.11,CF,2022-09-23 20:39:40,overcast clouds
342,Alta Floresta,-9.8756,-56.0861,82.22,74,20,5.75,BR,2022-09-23 20:38:52,few clouds
343,Loralai,30.3705,68.598,72.73,32,0,6.13,PK,2022-09-23 20:39:41,clear sky
344,San Pedro,14.35,121.0167,77.36,94,40,2.3,PH,2022-09-23 20:39:41,scattered clouds
345,Boysun,38.2061,67.1986,64.96,29,0,5.1,UZ,2022-09-23 20:39:41,clear sky
346,Laiyang,36.9758,120.7136,52.02,56,3,3.76,CN,2022-09-23 20:39:42,clear sky
347,Asau,46.4333,26.4,45.52,94,97,2.73,RO,2022-09-23 20:39:43,overcast clouds
348,Vardo,70.3705,31.1107,48.18,87,75,16.11,NO,2022-09-23 20:39:43,broken clouds
349,Longkou,37.6508,120.3286,62.94,54,0,11.65,CN,2022-09-23 20:39:44,clear sky
350,Villablino,42.9393,-6.3194,58.82,94,65,4.05,ES,2022-09-23 20:35:01,broken clouds
351,Nuevo Progreso,23.1667,-97.95,86.9,62,12,5.01,MX,2022-09-23 20:39:44,few clouds
352,Manyana,-23.4,21.7167,68.2,13,0,9.82,BW,2022-09-23 20:39:45,clear sky
353,Opuwo,-18.0607,13.84,71.26,22,0,4.54,NA,2022-09-23 20:39:45,clear sky
354,Guiratinga,-16.3494,-53.7583,86.09,37,56,3.29,BR,2022-09-23 20:39:45,broken clouds
355,Rosetta,31.4044,30.4164,74.98,63,0,11.05,EG,2022-09-23 20:39:46,clear sky
356,Nizhniy Kuranakh,58.8353,125.4869,42.78,93,100,7.74,RU,2022-09-23 20:39:46,light rain
357,Arosa,46.7779,9.6762,41.52,81,100,4.07,CH,2022-09-23 20:39:46,overcast clouds
358,Kenai,60.5544,-151.2583,52.09,78,0,9.22,US,2022-09-23 20:39:47,clear sky
359,Iqaluit,63.7506,-68.5145,38.93,51,75,15.01,CA,2022-09-23 20:39:47,broken clouds
360,Okakarara,-20.5833,17.4333,66.0,17,0,5.7,NA,2022-09-23 20:40:48,clear sky
361,Gravdal,68.1214,13.5031,51.69,93,40,6.91,NO,2022-09-23 20:40:48,light rain
362,Ambanja,-13.6833,48.45,72.86,75,1,2.15,MG,2022-09-23 20:40:49,clear sky
363,Rantoul,40.3084,-88.1559,62.62,60,100,4.61,US,2022-09-23 20:40:49,overcast clouds
364,Toksovo,60.1532,30.5165,44.35,95,2,3.51,RU,2022-09-23 20:40:49,clear sky
365,Mayo,38.8876,-76.5119,69.78,39,0,14.97,US,2022-09-23 20:40:50,clear sky
366,Dikson,73.5069,80.5464,32.47,76,100,19.86,RU,2022-09-23 20:40:50,overcast clouds
367,Lokosovo,61.1333,74.8167,38.32,62,100,3.11,RU,2022-09-23 20:40:50,overcast clouds
368,Tautira,-17.7333,-149.15,76.66,76,63,19.28,PF,2022-09-23 20:40:51,light rain
369,Rodrigues Alves,-7.738,-72.6509,71.8,98,100,6.64,BR,2022-09-23 20:40:51,heavy intensity rain
370,Manyoni,-5.7467,34.8382,68.13,52,78,8.5,TZ,2022-09-23 20:40:52,broken clouds
371,Praia,14.9215,-23.5087,81.14,78,40,8.05,CV,2022-09-23 20:40:52,scattered clouds
372,Novyy Urengoy,66.0833,76.6333,36.52,93,100,7.43,RU,2022-09-23 20:40:52,overcast clouds
373,Puerto Baquerizo Moreno,-0.9,-89.6,70.79,83,75,16.11,EC,2022-09-23 20:40:53,broken clouds
374,Barranca,-10.75,-77.7667,63.93,74,20,10.83,PE,2022-09-23 20:40:53,few clouds
375,Salta,-24.7859,-65.4117,70.39,36,0,13.8,AR,2022-09-23 20:40:36,clear sky
376,Nyaunglebin,17.95,96.7333,75.06,95,98,2.84,MM,2022-09-23 20:40:53,overcast clouds
377,Sioux Lookout,50.1001,-91.917,60.87,59,100,9.22,CA,2022-09-23 20:40:54,overcast clouds
378,Zhuhai,22.2769,113.5678,82.18,83,40,12.66,CN,2022-09-23 20:40:55,scattered clouds
379,Nhulunbuy,-12.2333,136.7667,70.41,100,100,1.14,AU,2022-09-23 20:40:55,overcast clouds
380,Taoudenni,22.6783,-3.9836,102.04,15,86,6.78,ML,2022-09-23 20:37:47,overcast clouds
381,Bilibino,68.0546,166.4372,33.37,74,89,5.44,RU,2022-09-23 20:40:56,overcast clouds
382,Korem,12.5058,39.5228,55.8,71,91,4.56,ET,2022-09-23 20:40:56,overcast clouds
383,Den Helder,52.9599,4.7593,58.98,95,100,3.0,NL,2022-09-23 20:40:57,overcast clouds
384,Dzaoudzi,-12.7887,45.2699,75.09,78,0,4.61,YT,2022-09-23 20:40:57,clear sky
385,Northam,51.0333,-4.2167,59.4,79,51,11.81,GB,2022-09-23 20:40:57,broken clouds
386,Kununurra,-15.7667,128.7333,75.18,78,9,0.0,AU,2022-09-23 20:37:11,clear sky
387,Gambela,8.25,34.5833,71.67,94,99,3.27,ET,2022-09-23 20:40:58,light rain
388,Luan,46.3592,6.9759,54.37,79,100,3.06,CH,2022-09-23 20:40:58,overcast clouds
389,Havre-Saint-Pierre,50.2334,-63.5986,59.36,63,75,6.91,CA,2022-09-23 20:40:59,broken clouds
390,Gyor,47.6833,17.6351,48.04,81,0,2.3,HU,2022-09-23 20:40:59,clear sky
391,Pinega,64.7001,43.3936,42.17,85,94,4.05,RU,2022-09-23 20:41:00,overcast clouds
392,Mount Gambier,-37.8333,140.7667,48.49,57,80,7.27,AU,2022-09-23 20:41:00,broken clouds
393,Sukhobezvodnoye,57.0491,44.8891,49.55,94,100,9.15,RU,2022-09-23 20:41:00,overcast clouds
394,Aquiraz,-3.9014,-38.3911,82.49,83,0,10.16,BR,2022-09-23 20:41:01,clear sky
395,Tual,-5.6667,132.75,81.73,77,30,16.24,ID,2022-09-23 20:41:01,scattered clouds
396,Half Moon Bay,37.4636,-122.4286,91.54,62,0,6.91,US,2022-09-23 20:41:02,clear sky
397,Boke,10.9409,-14.2967,74.91,96,100,3.89,GN,2022-09-23 20:41:03,overcast clouds
398,Broken Hill,-31.95,141.4333,49.1,88,75,14.09,AU,2022-09-23 20:41:03,broken clouds
399,Acajutla,13.5928,-89.8275,82.0,78,45,8.28,SV,2022-09-23 20:41:04,scattered clouds
400,Derzhavinsk,51.1,66.3167,68.52,40,5,9.78,KZ,2022-09-23 20:41:04,clear sky
401,Ketchikan,55.3422,-131.6461,54.07,94,100,18.41,US,2022-09-23 20:41:05,moderate rain
402,Nanortalik,60.1432,-45.2371,49.03,96,100,15.23,GL,2022-09-23 20:41:05,light rain
403,George,-33.963,22.4617,54.95,67,100,11.5,ZA,2022-09-23 20:41:06,overcast clouds
404,Altamont,42.2068,-121.7372,72.9,45,0,1.01,US,2022-09-23 20:37:35,clear sky
405,Teguise,29.0605,-13.564,71.82,73,20,13.8,ES,2022-09-23 20:41:07,few clouds
406,Airai,-8.9266,125.4092,60.39,52,88,2.51,TL,2022-09-23 20:41:07,overcast clouds
407,Labrea,-7.2586,-64.7981,93.38,40,43,3.44,BR,2022-09-23 20:42:08,scattered clouds
408,Hambantota,6.1241,81.1185,79.61,77,100,16.55,LK,2022-09-23 20:39:54,overcast clouds
409,Ishigaki,24.3448,124.1572,77.13,94,100,5.75,JP,2022-09-23 20:42:08,overcast clouds
410,Luancheng,37.8792,114.6517,46.56,28,45,1.14,CN,2022-09-23 20:42:08,scattered clouds
411,Karacabey,40.2152,28.4038,59.38,78,0,2.08,TR,2022-09-23 20:42:09,clear sky
412,Dandong,40.1292,124.3947,46.36,88,0,2.26,CN,2022-09-23 20:42:09,clear sky
413,Kuznechnoye,61.12,29.8686,42.01,88,8,3.18,RU,2022-09-23 20:42:10,clear sky
414,Najran,17.4924,44.1277,79.45,18,13,4.63,SA,2022-09-23 20:42:10,few clouds
415,Oskarshamn,57.2645,16.4484,52.99,72,100,6.11,SE,2022-09-23 20:38:19,overcast clouds
416,Saint Albans,51.75,-0.3333,60.31,82,85,6.91,GB,2022-09-23 20:42:10,overcast clouds
417,Kokoda,-8.8785,147.7407,75.06,90,76,0.47,PG,2022-09-23 20:42:11,broken clouds
418,Shaoxing,30.011,120.5715,64.35,82,94,2.75,CN,2022-09-23 20:42:11,overcast clouds
419,Avanigadda,16.0215,80.9181,75.43,90,12,4.43,IN,2022-09-23 20:42:12,few clouds
420,Alofi,-19.0595,-169.9187,78.69,73,75,13.8,NU,2022-09-23 20:42:12,broken clouds
421,Pierre,44.3683,-100.351,71.85,43,100,17.27,US,2022-09-23 20:42:13,overcast clouds
422,Kemijarvi,66.7131,27.4306,40.44,91,62,4.7,FI,2022-09-23 20:42:13,broken clouds
423,Jeremie,18.65,-74.1167,84.99,71,70,5.86,HT,2022-09-23 20:42:14,broken clouds
424,Rantepao,-2.9701,119.8978,65.52,97,97,2.59,ID,2022-09-23 20:42:14,overcast clouds
425,Vanimo,-2.6741,141.3028,75.67,94,100,2.95,PG,2022-09-23 20:42:15,moderate rain
426,Dehloran,32.6941,47.2679,89.69,21,0,2.89,IR,2022-09-23 20:42:15,clear sky
427,Buchanan,5.8808,-10.0467,75.54,91,100,6.96,LR,2022-09-23 20:42:16,light rain
428,Santa Engracia,41.9406,-1.3245,71.19,67,100,5.5,ES,2022-09-23 20:42:16,overcast clouds
429,Xichang,27.8964,102.2634,57.34,97,100,2.08,CN,2022-09-23 20:39:12,overcast clouds
430,Placido De Castro,-10.3353,-67.1856,82.65,62,100,1.07,BR,2022-09-23 20:42:17,overcast clouds
431,Upington,-28.4478,21.2561,59.38,29,3,3.44,ZA,2022-09-23 20:42:18,clear sky
432,Leningradskiy,69.3833,178.4167,33.76,98,100,11.41,RU,2022-09-23 20:42:18,light snow
433,Sabha,27.0377,14.4283,86.74,32,11,10.69,LY,2022-09-23 20:42:19,few clouds
434,Sao Felix Do Xingu,-6.6447,-51.995,92.82,25,35,1.63,BR,2022-09-23 20:37:55,scattered clouds
435,Yangcun,39.3639,117.0603,62.58,30,0,7.16,CN,2022-09-23 20:42:20,clear sky
436,Voh,-20.9667,164.7,76.35,70,6,2.51,NC,2022-09-23 20:42:20,clear sky
437,Zaragoza,41.6561,-0.8773,72.05,80,40,12.66,ES,2022-09-23 20:39:30,scattered clouds
438,Aklavik,68.2191,-135.0107,39.2,81,100,9.22,CA,2022-09-23 20:42:21,light rain
439,Pokhara,28.2333,83.9833,68.5,87,84,4.41,NP,2022-09-23 20:42:21,broken clouds
440,Gizo,-8.103,156.8419,82.13,76,40,6.24,SB,2022-09-23 20:42:22,light rain
441,Nizwa,22.9333,57.5333,84.45,41,30,0.58,OM,2022-09-23 20:42:22,scattered clouds
442,Lethem,3.3803,-59.7968,80.73,74,65,9.84,GY,2022-09-23 20:42:22,broken clouds
443,Araxa,-19.5933,-46.9406,71.56,43,0,11.5,BR,2022-09-23 20:42:23,clear sky
444,Kobryn,52.2138,24.3564,44.29,73,65,2.75,BY,2022-09-23 20:42:23,broken clouds
445,Det Udom,14.906,105.0784,76.82,97,100,4.07,TH,2022-09-23 20:42:24,overcast clouds
446,Agadir,30.4202,-9.5982,68.45,81,34,4.36,MA,2022-09-23 20:42:24,scattered clouds
447,Shache,38.4167,77.2406,66.7,31,71,3.76,CN,2022-09-23 20:42:25,broken clouds
448,San Patricio,28.017,-97.5169,94.95,40,1,15.86,US,2022-09-23 20:42:25,clear sky
449,Nynashamn,58.9034,17.9479,51.12,77,100,6.93,SE,2022-09-23 20:38:35,overcast clouds
450,Yara,20.2753,-76.9533,86.67,62,92,5.61,CU,2022-09-23 20:43:26,overcast clouds
451,Hami,42.8,93.45,65.66,14,12,1.28,CN,2022-09-23 20:43:27,few clouds
452,Kayankulam,9.1833,76.5,76.96,88,19,5.64,IN,2022-09-23 20:43:27,few clouds
453,Sapa,5.1544,120.3241,80.87,80,88,8.32,PH,2022-09-23 20:43:28,overcast clouds
454,Berlevag,70.8578,29.0864,49.95,71,0,11.5,NO,2022-09-23 20:43:28,clear sky
455,Ubon Ratchathani,15.1667,105.1667,76.89,97,100,5.01,TH,2022-09-23 20:43:29,overcast clouds
456,Valparaiso,-33.0393,-71.6273,68.23,83,0,12.66,CL,2022-09-23 20:39:31,clear sky
457,Vaasa,63.096,21.6158,50.95,87,20,5.75,FI,2022-09-23 20:43:29,few clouds
458,Carutapera,-1.195,-46.02,79.54,75,0,9.8,BR,2022-09-23 20:43:30,clear sky
459,Port-Gentil,-0.7193,8.7815,76.96,94,75,11.5,GA,2022-09-23 20:43:30,broken clouds
460,Cockburn Town,21.4612,-71.1419,83.39,76,96,6.06,TC,2022-09-23 20:43:30,overcast clouds
461,Challapata,-18.9,-66.7667,61.23,8,69,13.94,BO,2022-09-23 20:43:31,broken clouds
462,Sunrise Manor,36.2111,-115.0731,94.24,9,0,7.0,US,2022-09-23 20:39:29,clear sky
463,Camargo,27.6667,-105.1667,84.72,24,0,3.51,MX,2022-09-23 20:43:32,clear sky
464,Havoysund,70.9963,24.6622,50.23,83,100,14.63,NO,2022-09-23 20:43:32,light rain
465,Guilin,25.2819,110.2864,69.91,58,46,6.67,CN,2022-09-23 20:43:32,scattered clouds
466,Kushiro,42.975,144.3747,64.18,99,100,10.71,JP,2022-09-23 20:43:33,light rain
467,Council Bluffs,41.2619,-95.8608,59.22,84,100,18.41,US,2022-09-23 20:43:33,overcast clouds
468,Mananara,-16.1667,49.7667,69.4,95,93,7.4,MG,2022-09-23 20:42:27,moderate rain
469,Tete,-16.1564,33.5867,82.49,34,0,5.75,MZ,2022-09-23 20:43:34,clear sky
470,Isabela,6.7085,121.9711,80.64,81,100,6.73,PH,2022-09-23 20:43:34,overcast clouds
471,Jackson,42.4165,-122.8345,81.91,45,0,4.61,US,2022-09-23 20:43:35,clear sky
472,Belmonte,-15.8631,-38.8828,76.64,86,6,14.67,BR,2022-09-23 20:43:35,clear sky
473,Ust-Tsilma,65.441,52.1498,31.35,95,16,3.78,RU,2022-09-23 20:43:36,few clouds
474,Uhlove,44.8215,33.6045,58.14,63,100,3.04,UA,2022-09-23 20:43:36,overcast clouds
475,Divnomorskoye,44.5011,38.1353,57.6,66,70,4.94,RU,2022-09-23 20:43:37,broken clouds
476,Lata,40.1629,-8.3327,65.8,87,86,3.11,PT,2022-09-23 20:43:37,overcast clouds
477,Caxito,-8.5785,13.6643,73.62,82,59,4.52,AO,2022-09-23 20:43:37,broken clouds
478,Ituiutaba,-18.9689,-49.465,77.07,21,53,9.95,BR,2022-09-23 20:43:38,broken clouds
479,Cedar City,37.6775,-113.0619,75.4,16,0,3.44,US,2022-09-23 20:43:38,clear sky
480,Maumere,-8.6199,122.2111,78.46,82,21,5.21,ID,2022-09-23 20:43:39,few clouds
481,Monterey,36.2505,-121.2516,82.18,17,0,5.79,US,2022-09-23 20:39:42,clear sky
482,Tura,25.5198,90.2201,72.63,97,100,4.38,IN,2022-09-23 20:43:39,overcast clouds
483,Roebourne,-20.7833,117.1333,75.74,39,0,10.92,AU,2022-09-23 20:43:40,clear sky
484,Marzuq,14.4,46.4667,76.3,63,88,4.59,YE,2022-09-23 20:43:40,overcast clouds
485,Hofn,64.2539,-15.2082,47.55,75,56,2.91,IS,2022-09-23 20:43:40,broken clouds
486,Saint Austell,50.3383,-4.7658,57.76,82,20,9.22,GB,2022-09-23 20:43:41,few clouds
487,Majene,-3.5403,118.9707,76.96,87,68,3.24,ID,2022-09-23 20:43:41,broken clouds
488,Coquimbo,-29.9533,-71.3436,60.53,67,20,9.22,CL,2022-09-23 20:43:23,few clouds
489,Juneau,58.3019,-134.4197,51.8,94,100,14.97,US,2022-09-23 20:43:42,moderate rain
490,Jasper,37.2001,-94.3502,86.23,38,75,12.66,US,2022-09-23 20:43:42,broken clouds
491,Namatanai,-3.6667,152.4333,80.71,74,98,8.84,PG,2022-09-23 20:43:42,overcast clouds
492,Benjamin Constant,-4.3831,-70.0311,82.53,74,0,6.91,BR,2022-09-23 20:43:43,clear sky
493,Naron,43.5167,-8.1528,64.6,89,99,8.28,ES,2022-09-23 20:43:43,overcast clouds
494,Dawei,14.0833,98.2,74.79,95,84,2.08,MM,2022-09-23 20:43:43,light rain
495,Mbandaka,0.0487,18.2603,71.91,94,100,3.6,CD,2022-09-23 20:43:44,overcast clouds
496,Evensk,61.95,159.2333,37.63,58,42,7.61,RU,2022-09-23 20:43:44,scattered clouds
497,Concarneau,47.875,-3.9225,57.99,88,37,9.42,FR,2022-09-23 20:44:45,scattered clouds
498,Kachug,53.9606,105.8817,33.13,92,60,2.59,RU,2022-09-23 20:44:45,broken clouds
499,Novikovo,51.1537,37.8879,47.01,92,100,12.39,RU,2022-09-23 20:44:46,light rain
500,Farsund,58.0948,6.8047,54.95,100,7,12.24,NO,2022-09-23 20:44:46,clear sky
501,Winneba,5.3511,-0.6231,75.27,94,66,8.19,GH,2022-09-23 20:44:46,broken clouds
502,Vestmannaeyjar,63.4427,-20.2734,49.51,87,42,9.55,IS,2022-09-23 20:44:47,scattered clouds
503,Channel-Port Aux Basques,47.5702,-59.1367,58.75,95,100,11.25,CA,2022-09-23 20:44:47,light rain
504,Dicabisagan,17.0818,122.4157,75.78,87,48,6.96,PH,2022-09-23 20:44:48,light rain
505,Madinat Sittah Uktubar,29.8167,31.05,78.4,60,0,14.94,EG,2022-09-23 20:44:48,clear sky
506,Inhambane,-23.865,35.3833,72.91,90,0,8.84,MZ,2022-09-23 20:44:49,clear sky
507,Sao Joao Da Barra,-21.6403,-41.0511,73.49,75,100,22.24,BR,2022-09-23 20:44:49,overcast clouds
508,Ikalamavony,-21.15,46.5833,60.91,74,20,6.55,MG,2022-09-23 20:44:49,few clouds
509,Jiangyou,31.7667,104.7167,61.39,92,100,1.86,CN,2022-09-23 20:44:50,light rain
510,Lufilufi,-13.8745,-171.5986,80.38,81,53,24.99,WS,2022-09-23 20:44:50,light rain
511,Imbituba,-28.24,-48.6703,60.03,61,0,18.54,BR,2022-09-23 20:44:50,clear sky
512,Kyabram,-36.3167,145.05,46.87,92,13,13.76,AU,2022-09-23 20:44:51,few clouds
513,Cabedelo,-6.9811,-34.8339,81.27,81,7,10.04,BR,2022-09-23 20:44:51,clear sky
514,Altay,47.8667,88.1167,55.62,27,7,3.22,CN,2022-09-23 20:44:51,clear sky
515,Teknaf,20.8624,92.3058,78.76,87,90,1.41,BD,2022-09-23 20:44:52,overcast clouds
516,Acarau,-2.8856,-40.12,79.0,81,0,17.4,BR,2022-09-23 20:44:53,clear sky
517,Chemax,20.65,-87.9333,92.25,44,64,4.92,MX,2022-09-23 20:44:54,broken clouds
518,Saint-Pierre,-21.3393,55.4781,69.48,78,0,4.61,RE,2022-09-23 20:44:54,clear sky
519,Springbok,-29.6643,17.8865,49.89,61,79,3.02,ZA,2022-09-23 20:44:55,broken clouds
520,Halifax,44.6453,-63.5724,53.46,96,100,7.0,CA,2022-09-23 20:41:58,moderate rain
521,Andenes,69.3143,16.1194,51.78,87,75,2.3,NO,2022-09-23 20:44:56,light intensity drizzle
522,Portobelo,9.55,-79.65,83.1,74,27,8.81,PA,2022-09-23 20:44:56,scattered clouds
523,Port Hedland,-20.3167,118.5667,68.05,77,0,6.91,AU,2022-09-23 20:44:56,clear sky
524,Chandbali,20.7833,86.7667,78.82,87,70,4.97,IN,2022-09-23 20:44:57,broken clouds
525,Ulaanbaatar,47.9077,106.8832,33.93,80,0,0.0,MN,2022-09-23 20:44:57,clear sky
526,Yurginskoye,56.8189,67.3921,55.29,58,100,5.59,RU,2022-09-23 20:44:58,overcast clouds
527,Kirakira,-10.4544,161.9205,80.74,83,24,7.81,SB,2022-09-23 20:44:58,few clouds
528,Lipari,38.4674,14.954,64.27,40,0,2.28,IT,2022-09-23 20:44:59,clear sky
529,Parabel,58.6978,81.4825,38.03,85,98,5.99,RU,2022-09-23 20:44:59,overcast clouds
530,Kigoma,-4.8769,29.6267,77.25,65,44,4.56,TZ,2022-09-23 20:44:59,scattered clouds
531,Amapa,1.0,-52.0,84.56,47,32,3.13,BR,2022-09-23 20:45:00,scattered clouds
532,Bayshore Gardens,27.4253,-82.5904,92.26,64,0,12.66,US,2022-09-23 20:45:00,clear sky
533,Vangaindrano,-23.35,47.6,64.18,89,3,4.97,MG,2022-09-23 20:45:01,clear sky
534,Inuvik,68.3499,-133.7218,40.06,87,100,6.91,CA,2022-09-23 20:45:01,overcast clouds
535,Jumla,29.2747,82.1838,56.98,88,100,3.49,NP,2022-09-23 20:45:02,overcast clouds
536,Luangwa,-15.6167,30.4167,77.97,34,0,4.76,ZM,2022-09-23 20:45:02,clear sky
537,Alugan,12.2188,125.4808,77.41,89,100,8.81,PH,2022-09-23 20:45:03,overcast clouds
538,Saint-Louis,16.3333,-15.0,87.98,58,41,12.28,SN,2022-09-23 20:45:03,scattered clouds
539,Agidel,55.9077,53.9355,63.72,36,97,6.11,RU,2022-09-23 20:45:04,overcast clouds
540,Gladstone,-23.85,151.25,62.53,72,0,4.61,AU,2022-09-23 20:45:05,clear sky
541,Seoul,37.5683,126.9778,60.24,88,0,3.44,KR,2022-09-23 20:43:17,clear sky
542,Bessonovka,53.3097,45.0407,58.44,81,100,3.27,RU,2022-09-23 20:45:06,overcast clouds
543,Rawson,-43.3002,-65.1023,59.36,50,70,10.56,AR,2022-09-23 20:46:06,broken clouds
544,Seminole,28.7086,-81.2081,89.96,74,100,10.36,US,2022-09-23 20:46:07,overcast clouds
545,Mopti,14.6667,-4.0,89.55,46,15,1.03,ML,2022-09-23 20:46:07,few clouds
546,Yumen,40.2833,97.2,54.07,28,96,3.24,CN,2022-09-23 20:46:07,overcast clouds
547,Gimli,50.6336,-96.9907,57.22,77,100,19.57,CA,2022-09-23 20:46:08,overcast clouds
548,North Bend,43.4065,-124.2243,77.23,79,0,13.8,US,2022-09-23 20:46:09,clear sky
549,Sumbawanga,-7.9667,31.6167,65.25,42,45,6.55,TZ,2022-09-23 20:46:09,scattered clouds
550,Pastavy,55.1168,26.8326,44.89,89,61,5.59,BY,2022-09-23 20:46:09,broken clouds
551,Huicheng,23.0385,116.2899,74.17,86,58,9.93,CN,2022-09-23 20:46:11,broken clouds
552,Katangli,51.7102,143.2326,49.64,89,100,6.06,RU,2022-09-23 20:46:12,overcast clouds
553,Joshimath,30.5667,79.5667,66.16,88,100,2.39,IN,2022-09-23 20:46:12,overcast clouds
554,San Giustino,43.5495,12.1736,56.86,74,97,2.24,IT,2022-09-23 20:46:13,overcast clouds
555,Nuuk,64.1835,-51.7216,47.88,93,100,47.0,GL,2022-09-23 20:46:13,overcast clouds
556,Fandriana,-20.2333,47.3833,54.37,86,89,2.06,MG,2022-09-23 20:46:14,overcast clouds
557,Gobabis,-22.45,18.9667,65.57,11,0,10.56,NA,2022-09-23 20:46:14,clear sky
558,Tarrafal,15.2833,-23.7667,81.39,84,99,11.86,CV,2022-09-23 20:46:14,overcast clouds
559,Tabuk,17.4189,121.4443,69.91,84,38,2.33,PH,2022-09-23 20:43:07,scattered clouds
560,Makueni,-1.8041,37.6203,63.0,68,42,5.82,KE,2022-09-23 20:46:15,scattered clouds
561,Outram,1.2829,103.8379,78.82,92,75,2.3,MY,2022-09-23 20:46:15,broken clouds
562,Vila Nova De Milfontes,37.7238,-8.7828,67.24,73,34,9.55,PT,2022-09-23 20:46:16,scattered clouds
563,Finschhafen,-6.6024,147.8681,78.8,80,78,5.88,PG,2022-09-23 20:46:16,broken clouds
564,Jingdezhen,29.2947,117.2079,68.81,72,100,4.47,CN,2022-09-23 20:46:17,overcast clouds
565,Piacabucu,-10.4056,-36.4344,76.64,84,6,12.8,BR,2022-09-23 20:46:17,clear sky
566,Kawalu,-7.3817,108.2082,72.0,98,100,0.98,ID,2022-09-23 20:46:18,moderate rain
567,Lerwick,60.1545,-1.1494,50.0,84,20,5.08,GB,2022-09-23 20:46:18,few clouds
568,Camacha,33.0833,-16.3333,71.02,73,40,12.66,PT,2022-09-23 20:41:43,scattered clouds
569,Mumford,5.2618,-0.759,75.51,93,69,8.81,GH,2022-09-23 20:46:19,broken clouds
570,Ahipara,-35.1667,173.1667,58.33,86,65,13.2,NZ,2022-09-23 20:46:19,broken clouds
571,Shimanovsk,52.0,127.7,41.95,98,75,4.18,RU,2022-09-23 20:46:20,broken clouds
572,La Tijera,19.9,-104.4,72.84,61,43,4.41,MX,2022-09-23 20:46:20,scattered clouds
573,Ust-Kuyga,70.0167,135.6,25.23,95,66,3.56,RU,2022-09-23 20:46:21,broken clouds
574,Goundam,16.4145,-3.6708,93.97,37,17,2.24,ML,2022-09-23 20:46:22,few clouds
575,Frederick,39.4668,-77.3997,69.26,40,0,1.99,US,2022-09-23 20:45:40,clear sky
576,Rocha,-34.4833,-54.3333,52.75,69,4,7.25,UY,2022-09-23 20:46:22,clear sky
577,Sabang,5.8933,95.3214,79.88,75,100,5.99,ID,2022-09-23 20:46:22,light rain
578,Chabahar,25.2919,60.643,81.05,80,50,2.82,IR,2022-09-23 20:46:23,scattered clouds
579,Zapolyarnyy,69.4154,30.8136,45.68,94,98,10.31,RU,2022-09-23 20:46:23,overcast clouds
580,Los Llanos De Aridane,28.6585,-17.9182,71.35,92,40,11.5,ES,2022-09-23 20:46:24,scattered clouds
581,Juegang,32.3174,121.1855,67.91,63,100,10.29,CN,2022-09-23 20:46:24,overcast clouds
582,Tateyama,34.9833,139.8667,76.1,89,100,20.54,JP,2022-09-23 20:46:25,overcast clouds
583,Humberto De Campos,-2.5983,-43.4611,79.57,74,2,7.54,BR,2022-09-23 20:46:25,clear sky
584,Charters Towers,-20.1,146.2667,66.94,58,2,2.86,AU,2022-09-23 20:46:26,clear sky
585,Malindi,-3.2175,40.1191,75.6,84,22,13.31,KE,2022-09-23 20:46:26,few clouds
586,Lichinga,-13.3128,35.2406,64.49,59,0,5.99,MZ,2022-09-23 20:47:27,clear sky
587,Moscavide,38.7793,-9.1022,67.95,78,20,14.97,PT,2022-09-23 20:47:27,few clouds
588,Nikolayevsk-Na-Amure,53.1406,140.73,48.13,98,71,3.8,RU,2022-09-23 20:47:27,broken clouds
589,Vagay,57.9375,69.0217,48.49,86,98,5.46,RU,2022-09-23 20:47:28,overcast clouds
590,Bafq,31.6128,55.4107,80.62,15,0,3.27,IR,2022-09-23 20:47:28,clear sky
591,Pangnirtung,66.1451,-65.7125,37.4,56,20,14.97,CA,2022-09-23 20:47:29,few clouds
592,Severo-Kurilsk,50.6789,156.125,51.15,72,100,1.99,RU,2022-09-23 20:47:29,overcast clouds
593,Deputatskiy,69.3,139.9,16.12,98,93,1.1,RU,2022-09-23 20:47:30,overcast clouds
594,Wad Rawah,15.1603,33.1397,88.21,44,77,12.8,SD,2022-09-23 20:47:30,broken clouds
595,Bolkhov,53.4433,36.0044,47.71,91,100,4.97,RU,2022-09-23 20:47:30,light rain
596,Kaeo,-35.1,173.7833,61.32,87,53,9.48,NZ,2022-09-23 20:47:31,broken clouds
597,Yining,29.0361,114.5636,67.39,68,100,3.06,CN,2022-09-23 20:47:31,overcast clouds
598,Nouadhibou,20.931,-17.0347,75.18,83,20,13.8,MR,2022-09-23 20:47:31,light rain
599,Merauke,-8.4667,140.3333,75.47,87,36,8.19,ID,2022-09-23 20:47:32,scattered clouds
600,Dubreka,9.7911,-13.5233,80.67,90,100,2.55,GN,2022-09-23 20:47:32,overcast clouds
601,Tuchola,53.5879,17.8591,48.0,60,100,4.32,PL,2022-09-23 20:46:05,overcast clouds
602,Kaseda,31.4167,130.3167,73.2,79,7,11.39,JP,2022-09-23 20:47:33,clear sky
603,Kutum,14.2,24.6667,80.96,30,99,4.25,SD,2022-09-23 20:47:33,overcast clouds
604,Dajal,29.5577,70.3762,84.7,35,1,6.85,PK,2022-09-23 20:47:34,clear sky
605,Gwadar,25.1216,62.3254,79.93,86,77,7.81,PK,2022-09-23 20:47:34,broken clouds
606,Lasa,46.6166,10.7002,50.36,92,97,2.13,IT,2022-09-23 20:47:35,overcast clouds
607,Harper,4.375,-7.7169,76.78,88,97,7.7,LR,2022-09-23 20:47:35,light rain
608,Waingapu,-9.6567,120.2641,77.13,80,11,3.36,ID,2022-09-23 20:47:35,few clouds
609,Rosario,-32.9468,-60.6393,74.95,22,0,3.44,AR,2022-09-23 20:47:08,clear sky
610,El Centro,32.792,-115.563,102.18,28,0,5.75,US,2022-09-23 20:47:36,clear sky
611,Pemba,-12.974,40.5178,77.7,78,40,5.99,MZ,2022-09-23 20:47:36,scattered clouds
612,Novomykolayivka,47.9781,35.9102,49.35,71,11,6.73,UA,2022-09-23 20:47:37,few clouds
613,Tota,5.5611,-72.9859,56.71,77,82,4.92,CO,2022-09-23 20:47:37,broken clouds
614,Santa Cruz,-17.8,-63.1667,78.85,29,75,6.91,BO,2022-09-23 20:46:15,broken clouds
615,Anito,12.4497,125.2886,76.23,93,100,7.49,PH,2022-09-23 20:47:38,light rain
616,Qeshm,26.9581,56.2719,87.69,75,4,5.03,IR,2022-09-23 20:47:38,clear sky
617,Ilmajoki,62.7333,22.5667,49.87,85,75,8.05,FI,2022-09-23 20:47:38,broken clouds
618,Pedasi,7.5333,-80.0333,84.07,75,60,5.06,PA,2022-09-23 20:47:39,broken clouds
619,Ambilobe,-13.2,49.05,76.06,66,41,5.77,MG,2022-09-23 20:47:39,scattered clouds
620,Burriana,39.889,-0.085,75.67,82,95,2.53,ES,2022-09-23 20:47:40,overcast clouds
621,Maningrida,-12.0667,134.2667,72.5,94,29,5.7,AU,2022-09-23 20:47:40,scattered clouds
622,Vite,17.2833,74.55,66.52,96,27,7.2,IN,2022-09-23 20:47:40,scattered clouds
623,Uray,60.1247,64.7758,44.83,76,100,7.02,RU,2022-09-23 20:47:41,overcast clouds
624,Hamina,60.5697,27.1979,47.48,80,66,4.74,FI,2022-09-23 20:47:41,broken clouds
625,Oume,35.7839,139.2431,72.66,94,100,3.44,JP,2022-09-23 20:47:42,light intensity drizzle
626,Quang Ngai,15.1167,108.8,75.65,92,100,3.13,VN,2022-09-23 20:44:24,light rain
627,Salinas,36.6777,-121.6555,93.0,47,0,5.75,US,2022-09-23 20:45:15,clear sky
628,Kokstad,-30.5472,29.4241,54.86,85,97,5.01,ZA,2022-09-23 20:47:43,overcast clouds
629,Petropavlovsk-Kamchatskiy,53.0452,158.6483,37.99,93,0,11.18,RU,2022-09-23 20:45:54,clear sky
630,Quatre Cocos,-20.2078,57.7625,72.09,78,58,18.39,MU,2022-09-23 20:47:25,light rain
631,Tamiahua,21.2667,-97.45,84.34,66,8,12.17,MX,2022-09-23 20:48:43,clear sky
632,Ustynivka,47.9551,32.5367,51.51,73,98,7.36,UA,2022-09-23 20:48:44,overcast clouds
633,Utrera,37.1852,-5.7809,82.09,51,0,8.05,ES,2022-09-23 20:48:44,clear sky
634,Shingu,33.7333,135.9833,73.53,91,10,5.06,JP,2022-09-23 20:48:45,clear sky
635,Colares,38.7992,-9.4469,67.98,88,20,11.5,PT,2022-09-23 20:48:45,few clouds
636,Huarmey,-10.0681,-78.1522,66.27,73,9,10.92,PE,2022-09-23 20:48:46,clear sky
637,Sirjan,29.452,55.6814,72.61,16,0,8.32,IR,2022-09-23 20:48:46,clear sky
638,Tazovskiy,67.4667,78.7,33.96,72,100,11.03,RU,2022-09-23 20:48:46,overcast clouds
639,Puerto Escondido,15.85,-97.0667,81.7,77,100,2.57,MX,2022-09-23 20:48:47,overcast clouds
640,Kuliyapitiya,7.4688,80.0401,78.48,88,94,3.98,LK,2022-09-23 20:48:47,overcast clouds
641,Asmara,15.3333,38.9333,60.87,67,44,3.06,ER,2022-09-23 20:48:48,scattered clouds
642,Nakhon Sawan,15.7,100.0833,75.33,97,100,1.95,TH,2022-09-23 20:48:48,overcast clouds
643,Dzhebariki-Khaya,62.2167,135.8,26.42,77,66,4.52,RU,2022-09-23 20:48:48,broken clouds
644,Kitgum,3.2783,32.8867,68.7,81,74,2.17,UG,2022-09-23 20:48:49,broken clouds
645,Skegness,53.1436,0.3363,55.36,79,7,10.87,GB,2022-09-23 20:48:49,clear sky
646,Ambon,-3.6954,128.1814,77.14,88,20,2.3,ID,2022-09-23 20:48:49,few clouds
647,Ilhabela,-23.7781,-45.3581,62.1,65,23,9.24,BR,2022-09-23 20:48:50,few clouds
648,Balasheyka,53.2841,48.0851,64.76,41,100,8.46,RU,2022-09-23 20:48:50,overcast clouds
649,San Angelo,31.4638,-100.437,95.11,29,0,8.99,US,2022-09-23 20:48:24,clear sky
650,Langres,47.8333,5.3333,52.66,56,100,0.38,FR,2022-09-23 20:48:51,overcast clouds
651,Guhagar,17.4842,73.1929,74.05,91,83,4.09,IN,2022-09-23 20:48:51,broken clouds
652,Madingou,-4.1536,13.55,79.92,65,100,4.99,CG,2022-09-23 20:48:51,overcast clouds
653,Riyadh,24.6877,46.7219,89.74,17,52,9.44,SA,2022-09-23 20:46:38,broken clouds
654,Aras,42.5617,-2.356,61.21,68,100,3.44,ES,2022-09-23 20:48:52,overcast clouds
655,Weligama,5.9667,80.4167,78.26,84,100,10.8,LK,2022-09-23 20:48:52,overcast clouds
656,Bikaner,28.0167,73.3,80.55,73,100,10.29,IN,2022-09-23 20:44:27,overcast clouds
657,Tiarei,-17.5333,-149.3333,82.42,75,36,20.36,PF,2022-09-23 20:48:53,scattered clouds
658,Lucapa,-8.4192,20.7447,73.85,55,89,3.71,AO,2022-09-23 20:48:53,overcast clouds
659,Gilgit,35.9221,74.3087,73.9,48,16,3.89,PK,2022-09-23 20:48:54,few clouds
660,Ardakan,32.31,54.0175,80.89,16,0,2.98,IR,2022-09-23 20:48:54,clear sky
661,Castel San Pietro Terme,44.3986,11.5848,61.84,72,99,4.7,IT,2022-09-23 20:48:56,overcast clouds
662,Agartala,23.8364,91.275,75.51,97,100,4.7,IN,2022-09-23 20:48:56,light rain
663,Turukhansk,65.8167,87.9833,30.87,98,99,6.85,RU,2022-09-23 20:48:56,overcast clouds
664,Ancud,-41.8697,-73.8203,52.23,66,15,7.18,CL,2022-09-23 20:44:08,few clouds
665,Sao Filipe,14.8961,-24.4956,79.0,84,45,7.78,CV,2022-09-23 20:48:57,light rain
666,Rapid Valley,44.0625,-103.1463,72.72,36,100,21.0,US,2022-09-23 20:48:57,overcast clouds
667,Khani,41.9563,42.9566,49.57,90,34,3.91,GE,2022-09-23 20:48:58,scattered clouds
668,Pula,44.8683,13.8481,54.16,71,0,4.61,HR,2022-09-23 20:48:58,clear sky
669,Maputo,-25.9653,32.5892,71.28,88,40,16.11,MZ,2022-09-23 20:48:58,scattered clouds
670,Kavieng,-2.5744,150.7967,82.72,70,93,14.92,PG,2022-09-23 20:48:59,overcast clouds
671,Kabelvag,68.2114,14.4817,52.02,93,75,6.91,NO,2022-09-23 20:48:59,broken clouds
672,Vung Tau,10.346,107.0843,79.39,84,96,9.28,VN,2022-09-23 20:49:00,overcast clouds
673,Atakpame,7.5333,1.1333,72.3,96,100,3.06,TG,2022-09-23 20:49:00,overcast clouds
674,Mahon,39.8885,4.2658,72.16,60,0,8.05,ES,2022-09-23 20:46:51,clear sky
675,Morondava,-20.2833,44.2833,73.49,84,0,7.65,MG,2022-09-23 20:49:00,clear sky
676,Naze,28.3667,129.4833,77.92,87,66,12.3,JP,2022-09-23 20:49:01,broken clouds
677,Carauari,-4.8828,-66.8958,74.95,93,82,5.79,BR,2022-09-23 20:49:01,moderate rain
678,Sari,36.5633,53.0601,72.99,88,0,2.3,IR,2022-09-23 20:50:02,clear sky
679,Nyrob,60.733,56.7202,45.07,95,100,6.53,RU,2022-09-23 20:50:02,overcast clouds
680,Chapais,49.7834,-74.8492,49.78,54,6,10.02,CA,2022-09-23 20:50:03,clear sky
681,Fatehpur,25.9333,80.8,76.35,90,100,5.28,IN,2022-09-23 20:49:20,overcast clouds
682,Hede,33.7681,120.2517,57.9,61,100,4.7,CN,2022-09-23 20:50:04,overcast clouds
683,Talas,38.6908,35.5538,56.07,88,75,0.0,TR,2022-09-23 20:50:05,broken clouds
684,Bichura,50.5881,107.6022,42.94,93,100,2.95,RU,2022-09-23 20:50:06,overcast clouds
685,Sistranda,63.7256,8.834,48.16,82,16,13.78,NO,2022-09-23 20:50:07,few clouds
686,Tuatapere,-46.1333,167.6833,50.34,81,76,1.68,NZ,2022-09-23 20:50:07,broken clouds
687,Ambovombe,-25.1667,46.0833,68.27,72,33,7.63,MG,2022-09-23 20:50:08,scattered clouds
688,Spring Valley,36.108,-115.245,92.95,12,20,6.91,US,2022-09-23 20:49:09,few clouds
689,Amboasary,-25.0333,46.3833,67.37,75,37,6.51,MG,2022-09-23 20:50:08,scattered clouds
690,Kandrian,-6.2167,149.55,76.3,87,51,4.05,PG,2022-09-23 20:50:09,light rain
691,Morro Bay,35.3658,-120.8499,92.71,42,1,8.01,US,2022-09-23 20:50:10,clear sky
692,Batemans Bay,-35.7167,150.1833,59.09,95,100,6.58,AU,2022-09-23 20:50:10,moderate rain
